﻿<?xml version="1.0" encoding="utf-8"?>
<ImportExportXml xmlns:xsi="http://www.w3.org/2001/XMLSchema-instance">
  <Entities />
  <Roles />
  <Workflows />
  <FieldSecurityProfiles />
  <Templates />
  <EntityMaps />
  <EntityRelationships />
  <OrganizationSettings />
  <optionsets />
  <CustomControls />
  <EntityDataProviders />
  <CanvasApps>
    <CanvasApp>
      <Name>ppa_mixedrealityapp_8c5e9</Name>
      <AppVersion>2023-06-20T10:35:21Z</AppVersion>
      <Status>Ready</Status>
      <CreatedByClientVersion>3.23061.22.0</CreatedByClientVersion>
      <MinClientVersion>3.23061.22.0</MinClientVersion>
      <Tags>{"primaryDeviceWidth":"640","primaryDeviceHeight":"1136","supportsPortrait":"true","supportsLandscape":"true","primaryFormFactor":"Phone","publisherVersion":"3.23061.22","minimumRequiredApiVersion":"2.2.0","hasComponent":"true","hasUnlockedComponent":"false","isUnifiedRootApp":"false","sienaVersion":"20230620T101641Z-3.23061.22.0"}</Tags>
      <IsCdsUpgraded>0</IsCdsUpgraded>
      <GalleryItemId xsi:nil="true"></GalleryItemId>
      <BackgroundColor>RGBA(0,176,240,1)</BackgroundColor>
      <DisplayName>Mixed Reality App</DisplayName>
      <Description xsi:nil="true"></Description>
      <CommitMessage xsi:nil="true"></CommitMessage>
      <Publisher></Publisher>
      <AuthorizationReferences>[]</AuthorizationReferences>
      <ConnectionReferences>{"003c10bb-0e9a-4c4b-805d-593afc9cb727":{"id":"/providers/microsoft.powerapps/apis/shared_ppa-5fsmithsonian-203d-5f42293ddb5aa8e90a","displayName":"Smithsonian 3D","iconUri":"https://pafeblobprodam.blob.core.windows.net/20230620t000000zd3a0ab3a2d164dbfb7961daf31d1bed4/ppa_5Fsmithsonian-203d_iconblob.Png?sv=2018-03-28&amp;sr=c&amp;sig=qaDyQShx1TRsr1Rm2u%2FIirzllFkvmLYIybMSuxk2kD4%3D&amp;se=2023-06-25T20%3A00%3A00Z&amp;sp=rl","dataSources":["Smithsonian3D"],"dependencies":[],"dependents":[],"parameterHints":{},"parameterHintsV2":{},"isOnPremiseConnection":false,"bypassConsent":false,"dataSets":{},"apiTier":"Standard","actions":["FileSearch"],"customApiLogicalName":"ppa_5Fsmithsonian-203d","isCustomApiSolutionAware":true},"fec77c5c-7797-4b0f-ab99-abe02c26123d":{"id":"/providers/microsoft.powerapps/apis/shared_excel","displayName":"Excel","iconUri":"https://connectoricons-prod.azureedge.net/releases/v1.0.1623/1.0.1623.3210/excel/icon.png","dataSources":["Coral","Occupants"],"dependencies":["23c63fff-9e88-475a-8bd9-f36507d19870"],"dependents":[],"parameterHints":{"23c63fff-9e88-475a-8bd9-f36507d19870":{"value":"fileSource"}},"parameterHintsV2":{"fileSource":{"value":"23c63fff-9e88-475a-8bd9-f36507d19870"}},"isOnPremiseConnection":false,"bypassConsent":false,"dataSets":{"b!qH9fMoHckECaQ_1T0IvDUO7vLsRUvk5Cn1I8Ib5GzVeTICDAACgBTKfV3FECa3tR.01VY3MVCRHXEVHMPHXI5AJFP5NNVXPN63R":{"dataSources":{"Coral":{"tableName":"Coral"},"Occupants":{"tableName":"Occupants"}}}},"apiTier":"Standard","actions":["providers/PowerPlatform.Governance/Operations/Read"],"isCustomApiSolutionAware":false},"23c63fff-9e88-475a-8bd9-f36507d19870":{"id":"/providers/microsoft.powerapps/apis/shared_onedriveforbusiness","displayName":"OneDrive for Business","iconUri":"https://connectoricons-prod.azureedge.net/u/shgogna/globalperconnector-train1/1.0.1639.3312/onedriveforbusiness/icon.png","dataSources":[],"dependencies":[],"dependents":["fec77c5c-7797-4b0f-ab99-abe02c26123d"],"parameterHints":{},"parameterHintsV2":{},"isOnPremiseConnection":false,"bypassConsent":false,"dataSets":{},"apiTier":"Standard","isCustomApiSolutionAware":false}}</ConnectionReferences>
      <DatabaseReferences>{}</DatabaseReferences>
      <AppComponents>[]</AppComponents>
      <AppComponentDependencies>[{"appComponentName":"2e88179d732a402184a767c94eab038b","appName":"b6237e11-25f9-457d-96b9-32a4f3c4b909","appComponentLibraryName":"80c11482-63ec-4857-9e9b-1f97215efa54","appComponentLibraryVersion":"2023-06-20T08:25:52Z","appComponentLibraryLogicalName":"cat_powercatcomponentlibrary_0be3a","environmentName":"e795a4cf-d615-e0ce-a2f1-4ae3d9df804c"},{"appComponentName":"44e7951b1fad4ad98126f8c108dd1e9f","appName":"b6237e11-25f9-457d-96b9-32a4f3c4b909","appComponentLibraryName":"80c11482-63ec-4857-9e9b-1f97215efa54","appComponentLibraryVersion":"2023-06-20T08:25:52Z","appComponentLibraryLogicalName":"cat_powercatcomponentlibrary_0be3a","environmentName":"e795a4cf-d615-e0ce-a2f1-4ae3d9df804c"},{"appComponentName":"6da4b2f929d240969e49e05e10e720ce","appName":"b6237e11-25f9-457d-96b9-32a4f3c4b909","appComponentLibraryName":"80c11482-63ec-4857-9e9b-1f97215efa54","appComponentLibraryVersion":"2023-06-20T08:25:52Z","appComponentLibraryLogicalName":"cat_powercatcomponentlibrary_0be3a","environmentName":"e795a4cf-d615-e0ce-a2f1-4ae3d9df804c"},{"appComponentName":"952d39d80fc84420b772a5058b19d909","appName":"b6237e11-25f9-457d-96b9-32a4f3c4b909","appComponentLibraryName":"80c11482-63ec-4857-9e9b-1f97215efa54","appComponentLibraryVersion":"2023-06-20T08:25:52Z","appComponentLibraryLogicalName":"cat_powercatcomponentlibrary_0be3a","environmentName":"e795a4cf-d615-e0ce-a2f1-4ae3d9df804c"}]</AppComponentDependencies>
      <CanConsumeAppPass>1</CanConsumeAppPass>
      <CanvasAppType>0</CanvasAppType>
      <BypassConsent>0</BypassConsent>
      <AdminControlBypassConsent>0</AdminControlBypassConsent>
      <EmbeddedApp xsi:nil="true"></EmbeddedApp>
      <IntroducedVersion>1.0</IntroducedVersion>
      <CdsDependencies>{"cdsdependencies":[{"logicalname":"ppa_5Fsmithsonian-203d","componenttype":372,"componenttypeplatformname":"connector"},{"logicalname":"cat_powercatcomponentlibrary_0be3a","componenttype":300,"componenttypeplatformname":"CanvasApp"}]}</CdsDependencies>
      <IsCustomizable>1</IsCustomizable>
      <BackgroundImageUri>/CanvasApps/ppa_mixedrealityapp_8c5e9_BackgroundImageUri</BackgroundImageUri>
      <DocumentUri>/CanvasApps/ppa_mixedrealityapp_8c5e9_DocumentUri.msapp</DocumentUri>
    </CanvasApp>
  </CanvasApps>
  <Connectors>
    <Connector>
      <connectorid>8fdeedcc-b21b-4f9b-9041-b3c74267bf19</connectorid>
      <description></description>
      <displayname>Smithsonian 3D</displayname>
      <iconbrandcolor>#007ee5</iconbrandcolor>
      <name>ppa_5Fsmithsonian-203d</name>
      <connectortype>1</connectortype>
      <openapidefinition>/Connector/ppa_5Fsmithsonian-203d_openapidefinition.json</openapidefinition>
      <connectionparameters>/Connector/ppa_5Fsmithsonian-203d_connectionparameters.json</connectionparameters>
      <policytemplateinstances>/Connector/ppa_5Fsmithsonian-203d_policytemplateinstances.json</policytemplateinstances>
      <iconblob>/Connector/ppa_5Fsmithsonian-203d_iconblob.Png</iconblob>
    </Connector>
  </Connectors>
  <Languages>
    <Language>1033</Language>
  </Languages>
</ImportExportXml>